URL_ID,URL,POSITIVE SCORE,NEGATIVE SCORE,POLARITY SCORE,SUBJECTIVITY SCORE,AVG SENTENCE LENGTH,PERCENTAGE OF COMPLEX WORDS,FOG INDEX,AVG NUMBER OF WORDS PER SENTENCE,COMPLEX WORD COUNT,WORD COUNT,SYLLABLE PER WORD,PERSONAL PRONOUNS,AVG WORD LENGTH
Netclan20241017,https://insights.blackcoffer.com/ai-and-ml-based-youtube-analytics-and-content-creation-tool-for-optimizing-subscriber-engagement-and-content-strategy/,8,1,0.7777776913580343,0.038297872177455866,29.375,0.49361702127659574,11.94744680851064,29.375,116,235,2.5829787234042554,3,7.940425531914894
Netclan20241018,https://insights.blackcoffer.com/enhancing-front-end-features-and-functionality-for-improved-user-experience-and-dashboard-accuracy-in-partner-hospital-application/,11,8,0.15789472853185638,0.03853955367436196,12.973684210526315,0.3935091277890467,5.346877335326145,12.973684210526315,194,493,2.385395537525355,9,7.354969574036511
Netclan20241019,https://insights.blackcoffer.com/roas-dashboard-for-campaign-wise-google-ads-budget-tracking-using-google-ads-ap/,13,3,0.6249999609375024,0.05860805839337708,27.3,0.43223443223443225,11.092893772893774,27.3,118,273,2.509157509157509,3,7.648351648351649
Netclan20241020,https://insights.blackcoffer.com/efficient-processing-and-analysis-of-financial-data-from-pdf-files-addressing-formatting-inconsistencies-and-ensuring-data-integrity-for-a-toyota-dealership-management-firm/,25,11,0.3888888780864201,0.0745341613363682,16.655172413793103,0.5383022774327122,6.8773898764903265,16.655172413793103,260,483,2.6459627329192545,6,8.039337474120083
Netclan20241021,https://insights.blackcoffer.com/development-of-ea-robot-for-automated-trading/,5,1,0.6666665555555741,0.024999999895833333,24.0,0.4791666666666667,9.791666666666668,24.0,115,240,2.6125,3,7.754166666666666
Netclan20241022,https://insights.blackcoffer.com/ai-and-ml-based-youtube-analytics-and-content-creation-tool-for-optimizing-subscriber-engagement-and-content-strategy/,8,1,0.7777776913580343,0.038297872177455866,29.375,0.49361702127659574,11.94744680851064,29.375,116,235,2.5829787234042554,3,7.940425531914894
Netclan20241023,https://insights.blackcoffer.com/enhancing-front-end-features-and-functionality-for-improved-user-experience-and-dashboard-accuracy-in-partner-hospital-application/,11,8,0.15789472853185638,0.03853955367436196,12.973684210526315,0.3935091277890467,5.346877335326145,12.973684210526315,194,493,2.385395537525355,9,7.354969574036511
Netclan20241024,https://insights.blackcoffer.com/roas-dashboard-for-campaign-wise-google-ads-budget-tracking-using-google-ads-ap/,13,3,0.6249999609375024,0.05860805839337708,27.3,0.43223443223443225,11.092893772893774,27.3,118,273,2.509157509157509,3,7.648351648351649
Netclan20241025,https://insights.blackcoffer.com/efficient-processing-and-analysis-of-financial-data-from-pdf-files-addressing-formatting-inconsistencies-and-ensuring-data-integrity-for-a-toyota-dealership-management-firm/,25,11,0.3888888780864201,0.0745341613363682,16.655172413793103,0.5383022774327122,6.8773898764903265,16.655172413793103,260,483,2.6459627329192545,6,8.039337474120083
Netclan20241026,https://insights.blackcoffer.com/transforming-and-managing-a-large-scale-sql-pedigree-database-to-neo4j-graph-db/,59,22,0.45679011781740597,0.06721991695666396,15.448717948717949,0.5186721991701245,6.38695605915523,15.448717948717949,625,1205,2.638174273858921,3,7.864730290456431
Netclan20241027,https://insights.blackcoffer.com/enhancing-model-accuracy-from-58-to-over-90-strategies-for-improving-predictive-performance/,20,7,0.48148146364883465,0.0669975184441749,16.791666666666668,0.543424317617866,6.934036393713814,16.791666666666668,219,403,2.7468982630272953,3,8.096774193548388
Netclan20241028,https://insights.blackcoffer.com/securing-sensitive-financial-data-with-privacy-preserving-machine-learning-for-predictive-analytics/,29,3,0.8124999746093758,0.06083650178548194,18.785714285714285,0.532319391634981,7.727213470939707,18.785714285714285,280,526,2.7281368821292777,8,8.226235741444867
Netclan20241029,https://insights.blackcoffer.com/enhancing-data-collection-for-research-institutions-addressing-survey-fatigue-and-incorporating-verbal-communication-for-richer-insights/,22,5,0.6296296063100145,0.0747922435601323,18.05,0.5013850415512465,7.420554016620499,18.05,181,361,2.6952908587257616,6,8.520775623268698
Netclan20241030,https://insights.blackcoffer.com/analyzing-the-impact-of-positive-emotions-and-pandemic-severity-on-mental-health-and-resilience-among-entrepreneurs-insights-and-predictive-modeling/,15,5,0.4999999750000012,0.055555555401234566,21.176470588235293,0.5111111111111111,8.675032679738562,21.176470588235293,184,360,2.7055555555555557,7,8.325
Netclan20241031,https://insights.blackcoffer.com/dynamic-brand-centric-dashboard-for-automotive-dealerships-pdf-to-financial-insights-with-flask-react-architecture-and-aws-cloud-hosting/,61,17,0.56410255687048,0.08324439692289819,13.779411764705882,0.4994663820704376,5.711551258710529,13.779411764705882,468,937,2.568836712913554,12,7.83991462113127
Netclan20241032,https://insights.blackcoffer.com/cloud-based-data-modeling-and-analysis-platform-with-drag-and-drop-interface-and-openai-api-integration-for-simulation-insights/,10,1,0.8181817438016598,0.03536977480588497,19.4375,0.4630225080385852,7.960209003215434,19.4375,144,311,2.553054662379421,3,7.762057877813505
Netclan20241033,https://insights.blackcoffer.com/voter-profile-analysis-and-search-application-for-targeted-campaign-engagement-using-government-voter-data/,42,7,0.7142856997084551,0.07877813492157856,16.36842105263158,0.5305466237942122,6.7595870705703165,16.36842105263158,330,622,2.697749196141479,17,8.120578778135048
Netclan20241034,https://insights.blackcoffer.com/bert-based-classification-of-individuals-and-organizations-into-two-categories-using-natural-language-processing/,8,4,0.3333333055555579,0.048780487606583385,20.5,0.4796747967479675,8.391869918699188,20.5,118,246,2.682926829268293,5,8.260162601626016
Netclan20241035,https://insights.blackcoffer.com/comprehensive-analysis-of-solana-and-ethereum-contributors-using-github-api-with-comparative-study-of-1000-random-github-profiles/,15,5,0.4999999750000012,0.0564971749816464,22.125,0.5169491525423728,9.05677966101695,22.125,183,354,2.790960451977401,5,8.471751412429379
Netclan20241036,https://insights.blackcoffer.com/powerbi-rest-api-fetching-dataflow-and-refresh-schedules-with-semantic-models/,22,7,0.5172413614744358,0.08579881631420469,18.77777777777778,0.5088757396449705,7.7146614069691,18.77777777777778,172,338,2.6420118343195265,4,7.9674556213017755
Netclan20241037,https://insights.blackcoffer.com/automated-job-data-import-and-management-solution-for-enhanced-efficiency/,11,2,0.6923076390532585,0.04406779646078713,21.071428571428573,0.4406779661016949,8.604842615012108,21.071428571428573,130,295,2.5322033898305083,4,7.620338983050847
Netclan20241038,https://insights.blackcoffer.com/data-analytics-and-optimization-solution-for-enhancing-renewable-energy-efficiency/,13,2,0.7333332844444478,0.04761904746787604,22.5,0.5047619047619047,9.201904761904762,22.5,159,315,2.6920634920634923,4,8.053968253968254
Netclan20241039,https://insights.blackcoffer.com/time-series-analysis-and-trend-forecasting-solution-for-predicting-news-trends/,13,2,0.7333332844444478,0.04885993469426731,21.928571428571427,0.4560260586319218,8.95383899488134,21.928571428571427,140,307,2.54071661237785,4,7.817589576547231
Netclan20241040,https://insights.blackcoffer.com/advanced-data-visualization-solutions-for-monitoring-key-business-metrics-with-integrated-interactive-dashboards/,17,1,0.8888888395061756,0.0594059403980002,21.642857142857142,0.47854785478547857,8.848561999057049,21.642857142857142,145,303,2.6765676567656764,4,8.112211221122113
Netclan20241041,https://insights.blackcoffer.com/advanced-patient-data-analysis-solution-for-trend-identification-and-improved-healthcare-outcome/,19,2,0.8095237709750585,0.06796116482860465,22.071428571428573,0.49514563106796117,9.026629680998614,22.071428571428573,153,309,2.6537216828478964,4,8.048543689320388
Netclan20241042,https://insights.blackcoffer.com/anomaly-detection-and-analysis-for-enhanced-data-integrity-and-user-experience-on-bright-datas-website/,13,8,0.23809522675737013,0.0658307207967689,22.785714285714285,0.5078369905956113,9.317420510523958,22.785714285714285,162,319,2.6489028213166144,4,7.987460815047022
Netclan20241043,https://insights.blackcoffer.com/building-custom-tflite-models-and-benchmarking-on-voxl2-chips/,12,1,0.8461537810650938,0.04391891877054419,21.142857142857142,0.4831081081081081,8.6503861003861,21.142857142857142,143,296,2.7263513513513513,4,8.337837837837839
Netclan20241044,https://insights.blackcoffer.com/sports-prediction-model-for-multiple-sports-leagues/,20,1,0.9047618616780065,0.05109489038663044,22.833333333333332,0.43309002433090027,9.306569343065695,22.833333333333332,178,411,2.489051094890511,3,7.671532846715328
Netclan20241045,https://insights.blackcoffer.com/efficient-coach-allocation-system-for-sports-coaching-organization/,15,5,0.4999999750000012,0.0550964185810016,18.15,0.4297520661157025,7.431900826446281,18.15,156,363,2.5426997245179064,6,8.24793388429752
Netclan20241046,https://insights.blackcoffer.com/data-studio-dashboard-with-a-data-pipeline-tool-synced-with-podio-using-custom-webhooks-and-google-cloud-function-2/,24,5,0.655172391200952,0.06183368856751879,14.212121212121213,0.42430703624733473,5.85457129934742,14.212121212121213,199,469,2.5756929637526653,3,7.861407249466951
Netclan20241047,https://insights.blackcoffer.com/ai-driven-backend-for-audio-to-text-conversion-and-analytical-assessment-in-pharmaceutical-practice/,11,3,0.5714285306122479,0.038888888780864196,17.142857142857142,0.4527777777777778,7.038253968253969,17.142857142857142,163,360,2.5277777777777777,4,7.627777777777778
Netclan20241048,https://insights.blackcoffer.com/cloud-based-web-application-for-financial-data-processing-and-visualization-of-sp-500-metrics/,49,14,0.5555555467372135,0.10623946019183902,17.96969696969697,0.47554806070826305,7.378098012162093,17.96969696969697,282,593,2.6644182124789206,7,8.099494097807757
Netclan20241049,https://insights.blackcoffer.com/department-wise-kpi-tracking-dashboard-with-technician-performance-analysis-for-atoz-dependable-service/,17,3,0.6999999650000017,0.037523452087198025,16.65625,0.3789868667917448,6.814094746716698,16.65625,202,533,2.5121951219512195,3,7.769230769230769
Netclan20241050,https://insights.blackcoffer.com/steps-to-convert-a-node-js-api-to-python-for-aws-lambda-deployment/,22,6,0.5714285510204089,0.07954545431947314,18.526315789473685,0.4659090909090909,7.59688995215311,18.526315789473685,164,352,2.5738636363636362,3,7.9375
Netclan20241051,https://insights.blackcoffer.com/building-an-analytics-dashboard-with-a-pdf-parsing-pipeline-for-data-extraction/,32,25,0.12280701538935061,0.05599214139882894,9.788461538461538,0.3948919449901768,4.073341393380686,9.788461538461538,402,1018,2.444007858546169,3,7.539292730844794
Netclan20241052,https://insights.blackcoffer.com/building-a-real-time-log-file-visualization-dashboard-in-kibana/,17,20,-0.08108107888970058,0.06249999989442567,14.439024390243903,0.4189189189189189,5.943177323665129,14.439024390243903,248,592,2.425675675675676,4,7.400337837837838
Netclan20241053,https://insights.blackcoffer.com/analyzing-the-impact-of-female-ceo-appointments-on-company-stock-prices/,20,7,0.48148146364883465,0.044776119328729484,14.023255813953488,0.5373134328358209,5.824227698715724,14.023255813953488,324,603,2.673300165837479,8,8.071310116086236
Netclan20241054,https://insights.blackcoffer.com/ai-chatbot-using-llm-langchain-llama/,14,2,0.7499999531250029,0.04790419147334075,19.647058823529413,0.4550898203592814,8.040859457555477,19.647058823529413,152,334,2.57185628742515,3,7.68562874251497
Netclan20241055,https://insights.blackcoffer.com/healthcare-ai-chatbot-using-llama-llm-langchain/,48,4,0.8461538298816571,0.09683426425170528,6.172413793103448,0.32774674115456237,2.600064213703204,6.172413793103448,176,537,2.3202979515828677,32,7.005586592178771
Netclan20241056,https://insights.blackcoffer.com/ai-bot-audio-to-audio/,3,1,0.49999987500003124,0.024999999843750002,53.333333333333336,0.51875,21.540833333333335,53.333333333333336,83,160,2.7625,2,8.10625
Netclan20241057,https://insights.blackcoffer.com/recommendation-engine-for-insurance-sector-to-expand-business-in-the-rural-area/,12,2,0.7142856632653098,0.045161290176899065,25.833333333333332,0.4483870967741935,10.512688172043012,25.833333333333332,139,310,2.5483870967741935,4,7.622580645161291
Netclan20241058,https://insights.blackcoffer.com/data-from-crm-via-zapier-to-google-sheets-dynamic-to-powerbi/,12,1,0.8461537810650938,0.054166666440972226,17.142857142857142,0.4166666666666667,7.023809523809525,17.142857142857142,100,240,2.4458333333333333,6,7.370833333333334
Netclan20241059,https://insights.blackcoffer.com/data-warehouse-to-google-data-studio-looker-dashboard/,7,1,0.7499999062500118,0.029197080185412116,19.571428571428573,0.4051094890510949,7.990615224191868,19.571428571428573,111,274,2.5802919708029197,11,7.956204379562044
Netclan20241060,https://insights.blackcoffer.com/crm-monday-com-via-zapier-to-power-bi-dashboard/,14,4,0.5555555246913597,0.06122448958767181,11.307692307692308,0.3707482993197279,4.671376242804814,11.307692307692308,109,294,2.326530612244898,18,7.085034013605442
Netclan20241061,https://insights.blackcoffer.com/monday-com-to-kpi-dashboard-to-manage-view-and-generate-insights-from-the-crm-data/,18,7,0.4399999824000007,0.07836990571043917,11.0,0.4012539184952978,4.560501567398119,11.0,128,319,2.3385579937304075,8,7.238244514106583
Netclan20241062,https://insights.blackcoffer.com/data-management-for-a-political-saas-application/,7,4,0.2727272479338866,0.03416149057713823,16.94736842105263,0.422360248447205,6.947891467799934,16.94736842105263,136,322,2.422360248447205,7,7.537267080745342
Netclan20241063,https://insights.blackcoffer.com/google-lsa-ads-google-local-service-ads-etl-tools-and-dashboards/,7,1,0.7499999062500118,0.030303030188246097,22.0,0.4015151515151515,8.960606060606061,22.0,106,264,2.4431818181818183,3,7.549242424242424
Netclan20241064,https://insights.blackcoffer.com/ad-networks-marketing-campaign-data-dashboard-in-looker-google-data-studio/,6,1,0.7142856122449125,0.036269429863888966,38.6,0.46632124352331605,15.626528497409328,38.6,90,193,2.621761658031088,3,7.9067357512953365
Netclan20241065,https://insights.blackcoffer.com/analytical-solution-for-a-tech-firm/,7,3,0.39999996000000404,0.05405405376186998,23.125,0.4756756756756757,9.44027027027027,23.125,88,185,2.6864864864864866,4,8.237837837837837
Netclan20241066,https://insights.blackcoffer.com/ai-solution-for-a-technology-information-and-internet-firm/,7,1,0.7499999062500118,0.041025640815253124,32.5,0.48717948717948717,13.194871794871796,32.5,95,195,2.5846153846153848,3,7.717948717948718
Netclan20241067,https://insights.blackcoffer.com/ai-and-nlp-based-solutions-to-automate-data-discovery-for-venture-capital-and-private-equity-principals/,9,2,0.636363578512402,0.043478260697714384,23.0,0.48221343873517786,9.392885375494073,23.0,122,253,2.541501976284585,3,7.687747035573122
Netclan20241068,https://insights.blackcoffer.com/an-etl-solution-for-an-internet-publishing-firm/,13,1,0.8571427959183717,0.05035971204906579,16.352941176470587,0.39928057553956836,6.700888700804062,16.352941176470587,111,278,2.3992805755395685,12,7.190647482014389
Netclan20241069,https://insights.blackcoffer.com/ai-based-algorithmic-trading-bot-for-forex/,6,2,0.4999999375000079,0.039603960199980394,22.444444444444443,0.4603960396039604,9.161936193619361,22.444444444444443,93,202,2.5594059405940595,3,7.673267326732673
Netclan20241070,https://insights.blackcoffer.com/equity-waterfalls-model-based-saas-application-for-real-estate-sector/,6,2,0.4999999375000079,0.027586206801426875,12.608695652173912,0.46551724137931033,5.229685157421289,12.608695652173912,135,290,2.5310344827586206,10,7.593103448275862
Netclan20241071,https://insights.blackcoffer.com/ai-solutions-for-foreign-exchange-an-automated-algo-trading-tool/,11,3,0.5714285306122479,0.04268292669913742,20.5,0.4146341463414634,8.365853658536585,20.5,136,328,2.3963414634146343,6,7.442073170731708
Netclan20241072,https://insights.blackcoffer.com/ai-agent-development-and-deployment-in-jina-ai/,13,7,0.29999998500000075,0.08474576235277219,23.6,0.4661016949152542,9.626440677966102,23.6,110,236,2.5720338983050848,5,7.75
Netclan20241073,https://insights.blackcoffer.com/golden-record-a-knowledge-graph-database-approach-to-unfold-discovery-using-neo4j/,13,4,0.5294117335640156,0.05685618710081543,17.58823529411765,0.4013377926421405,7.1958292347039166,17.58823529411765,120,299,2.3578595317725752,14,7.404682274247492
Netclan20241074,https://insights.blackcoffer.com/advanced-ai-for-trading-automation/,12,4,0.4999999687500019,0.04863221869716651,13.16,0.425531914893617,5.434212765957447,13.16,140,329,2.474164133738602,11,7.477203647416413
Netclan20241075,https://insights.blackcoffer.com/create-a-knowledge-graph-to-provide-real-time-analytics-recommendations-and-a-single-source-of-truth/,7,4,0.2727272479338866,0.05022831027293009,16.846153846153847,0.5068493150684932,6.941201264488936,16.846153846153847,111,219,2.6210045662100456,3,7.730593607305936
Netclan20241076,https://insights.blackcoffer.com/advanced-ai-for-thermal-person-detection/,6,1,0.7142856122449125,0.03825136591119472,22.875,0.47540983606557374,9.34016393442623,22.875,87,183,2.5901639344262297,4,7.759562841530054
Netclan20241077,https://insights.blackcoffer.com/advanced-ai-for-road-cam-threat-detection/,6,3,0.33333329629630043,0.046632124110714386,24.125,0.49222797927461137,9.846891191709844,24.125,95,193,2.626943005181347,3,7.83419689119171
Netclan20241078,https://insights.blackcoffer.com/advanced-ai-for-pedestrian-crossing-safety/,8,4,0.3333333055555579,0.06060606029996939,19.8,0.4898989898989899,8.115959595959596,19.8,97,198,2.6363636363636362,5,7.898989898989899
Netclan20241079,https://insights.blackcoffer.com/handgun-detection-using-yolo/,6,1,0.7142856122449125,0.036269429863888966,24.125,0.49222797927461137,9.846891191709844,24.125,95,193,2.6321243523316062,4,7.860103626943006
Netclan20241080,https://insights.blackcoffer.com/using-graph-technology-to-create-single-customer-view/,7,8,-0.06666666222222252,0.06666666637037037,17.307692307692307,0.49333333333333335,7.120410256410256,17.307692307692307,111,225,2.64,6,7.786666666666667
Netclan20241081,https://insights.blackcoffer.com/car-detection-in-satellite-images/,12,1,0.8461537810650938,0.04609929061666918,14.1,0.40070921985815605,5.800283687943263,14.1,113,282,2.482269503546099,10,7.624113475177305
Netclan20241082,https://insights.blackcoffer.com/building-a-physics-informed-neural-network-for-circuit-evaluation/,13,4,0.5294117335640156,0.053627760083193185,14.409090909090908,0.43217665615141954,5.9365070260969315,14.409090909090908,137,317,2.5110410094637223,14,7.794952681388013
Netclan20241083,https://insights.blackcoffer.com/connecting-mongodb-database-to-power-bi-dashboard-dashboard-automation/,9,4,0.3846153550295881,0.04049844224143787,16.894736842105264,0.4485981308411215,6.937333989178554,16.894736842105264,144,321,2.498442367601246,12,7.302180685358255
Netclan20241084,https://insights.blackcoffer.com/data-transformation/,23,13,0.2777777700617286,0.09703504016971687,13.74074074074074,0.353099730458221,5.637536188479585,13.74074074074074,131,371,2.3773584905660377,13,7.164420485175202
Netclan20241085,https://insights.blackcoffer.com/e-commerce-store-analysis-purchase-behavior-ad-spend-conversion-traffic-etc/,10,2,0.6666666111111158,0.0370370369227252,15.428571428571429,0.41358024691358025,6.336860670194004,15.428571428571429,134,324,2.521604938271605,16,7.549382716049383
Netclan20241086,https://insights.blackcoffer.com/kpi-dashboard-for-accountants/,12,1,0.8461537810650938,0.04452054779273785,20.857142857142858,0.4006849315068493,8.503131115459883,20.857142857142858,117,292,2.404109589041096,8,7.561643835616438
Netclan20241087,https://insights.blackcoffer.com/return-on-advertising-spend-dashboard-marketing-automation-and-analytics-using-etl-and-dashboard/,27,5,0.6874999785156257,0.05765765755376999,17.34375,0.436036036036036,7.111914414414414,17.34375,242,555,2.4918918918918918,8,7.52972972972973
Netclan20241088,https://insights.blackcoffer.com/ranking-customer-behaviours-for-business-strategy/,7,3,0.39999996000000404,0.03999999984,35.714285714285715,0.408,14.448914285714288,35.714285714285715,102,250,2.448,4,7.404
Netclan20241089,https://insights.blackcoffer.com/algorithmic-trading-for-multiple-commodities-markets-like-forex-metals-energy-etc/,8,1,0.7777776913580343,0.029220779125906562,18.11764705882353,0.42857142857142855,7.418487394957983,18.11764705882353,132,308,2.5032467532467533,3,7.584415584415584
Netclan20241090,https://insights.blackcoffer.com/trading-bot-for-forex/,5,2,0.4285713673469475,0.0395480223754349,44.25,0.4576271186440678,17.88305084745763,44.25,81,177,2.5762711864406778,3,7.655367231638418
Netclan20241091,https://insights.blackcoffer.com/python-model-for-the-analysis-of-sector-specific-stock-etfs-for-investment-purposes%ef%bf%bc/,10,3,0.5384614970414233,0.047272727100826445,17.1875,0.4290909090909091,7.046636363636364,17.1875,118,275,2.4872727272727273,6,7.607272727272727
Netclan20241092,https://insights.blackcoffer.com/medical-classification/,7,3,0.39999996000000404,0.035714285586734694,20.0,0.41785714285714287,8.167142857142858,20.0,117,280,2.432142857142857,7,7.428571428571429
Netclan20241093,https://insights.blackcoffer.com/design-develop-bert-question-answering-model-explanations-with-visualization/,4,1,0.599999880000024,0.025773195743437137,32.333333333333336,0.4845360824742268,13.127147766323027,32.333333333333336,94,194,2.634020618556701,4,7.917525773195877
Netclan20241094,https://insights.blackcoffer.com/design-and-develop-solution-to-anomaly-detection-classification-problems/,5,6,-0.09090908264462885,0.04867256615631608,20.545454545454547,0.49557522123893805,8.416411906677395,20.545454545454547,112,226,2.6283185840707963,7,7.730088495575221
Netclan20241095,https://insights.blackcoffer.com/an-etl-solution-for-currency-data-to-google-big-query/,4,1,0.599999880000024,0.0196078430603614,18.214285714285715,0.3607843137254902,7.430028011204482,18.214285714285715,92,255,2.392156862745098,13,7.231372549019608
Netclan20241096,https://insights.blackcoffer.com/etl-and-mlops-infrastructure-for-blockchain-analytics/,5,1,0.6666665555555741,0.020202020133999934,33.0,0.4175084175084175,13.367003367003367,33.0,124,297,2.4276094276094278,2,7.397306397306397
Netclan20241097,https://insights.blackcoffer.com/an-agent-based-model-of-a-virtual-power-plant-vpp/,5,1,0.6666665555555741,0.03529411743944637,34.0,0.48823529411764705,13.795294117647058,34.0,83,170,2.652941176470588,2,7.9941176470588236
Netclan20241098,https://insights.blackcoffer.com/transform-api-into-sdk-library-and-widget/,12,2,0.7142856632653098,0.062222221945679015,37.5,0.44,15.176,37.5,99,225,2.568888888888889,3,7.786666666666667
Netclan20241099,https://insights.blackcoffer.com/integration-of-a-product-to-a-cloud-based-crm-platform/,8,6,0.14285713265306196,0.049999999821428574,16.470588235294116,0.43214285714285716,6.761092436974789,16.470588235294116,121,280,2.4857142857142858,3,7.65
Netclan20241100,https://insights.blackcoffer.com/a-web-based-dashboard-for-the-filtered-data-retrieval-of-land-records/,13,3,0.6249999609375024,0.05298013227490023,18.875,0.39403973509933776,7.707615894039735,18.875,119,302,2.4271523178807946,2,7.433774834437086
Netclan20241101,https://insights.blackcoffer.com/integration-of-video-conferencing-data-to-the-existing-web-app/,4,1,0.599999880000024,0.019305019230482553,25.9,0.40540540540540543,10.522162162162163,25.9,105,259,2.501930501930502,2,7.571428571428571
Netclan20241102,https://insights.blackcoffer.com/design-develop-an-app-in-retool-which-shows-the-progress-of-the-added-video/,5,1,0.6666665555555741,0.03314917108757364,45.25,0.48066298342541436,18.292265193370167,45.25,87,181,2.6077348066298343,4,7.5911602209944755
Netclan20241103,https://insights.blackcoffer.com/auvik-connectwise-integration-in-grafana/,5,2,0.4285713673469475,0.03083700426944051,18.916666666666668,0.4669603524229075,7.753450807635831,18.916666666666668,106,227,2.5991189427312777,2,7.71806167400881
Netclan20241104,https://insights.blackcoffer.com/data-integration-and-big-data-performance-using-elk-stack/,6,2,0.4999999375000079,0.030075187856860197,16.625,0.46616541353383456,6.836466165413533,16.625,124,266,2.537593984962406,4,7.669172932330827
Netclan20241105,https://insights.blackcoffer.com/web-data-connector/,4,1,0.599999880000024,0.02155172404503567,17.846153846153847,0.4396551724137931,7.314323607427056,17.846153846153847,102,232,2.5172413793103448,3,7.5344827586206895
Netclan20241106,https://insights.blackcoffer.com/an-app-for-updating-the-email-id-of-the-user-and-stripe-refund-tool-using-retool/,9,2,0.636363578512402,0.053921568363129564,51.0,0.4264705882352941,20.57058823529412,51.0,87,204,2.5,5,7.455882352941177
Netclan20241107,https://insights.blackcoffer.com/an-ai-ml-based-web-application-that-detects-the-correctness-of-text-in-a-given-video/,4,6,-0.19999998000000202,0.04255319130828429,47.0,0.4085106382978723,18.963404255319148,47.0,96,235,2.4085106382978725,4,7.395744680851064
Netclan20241108,https://insights.blackcoffer.com/website-tracking-and-insights-using-google-analytics-google-tag-manager/,18,3,0.7142856802721105,0.040540540462276946,15.696969696969697,0.4594594594594595,6.462571662571662,15.696969696969697,238,518,2.4536679536679538,5,7.295366795366795
Netclan20241109,https://insights.blackcoffer.com/dashboard-to-track-the-analytics-of-the-website-using-google-analytics-and-google-tag-manager/,18,2,0.799999960000002,0.03731343276620628,15.314285714285715,0.41044776119402987,6.2898933901918985,15.314285714285715,220,536,2.408582089552239,3,7.257462686567164
Netclan20241110,https://insights.blackcoffer.com/power-bi-dashboard-on-operations-transactions-and-marketing-embedding-the-dashboard-to-web-app/,4,1,0.599999880000024,0.030487804692147534,32.8,0.5060975609756098,13.322439024390244,32.8,83,164,2.676829268292683,2,7.878048780487805
Netclan20241111,https://insights.blackcoffer.com/nft-data-automation-looksrare-and-etl-tool/,7,3,0.39999996000000404,0.03968253952506929,14.823529411764707,0.4007936507936508,6.089729225023343,14.823529411764707,101,252,2.492063492063492,5,7.369047619047619
Netclan20241112,https://insights.blackcoffer.com/optimize-the-data-scraper-program-to-easily-accommodate-large-files-and-solve-oom-errors/,7,3,0.39999996000000404,0.04830917851058368,20.7,0.4444444444444444,8.457777777777777,20.7,92,207,2.536231884057971,4,7.666666666666667
Netclan20241113,https://insights.blackcoffer.com/making-a-robust-way-to-sync-data-from-airtables-to-mongodb-using-python-etl-solution/,5,5,0.0,0.037878787735307624,18.857142857142858,0.38257575757575757,7.695887445887447,18.857142857142858,101,264,2.3863636363636362,3,7.299242424242424
Netclan20241114,https://insights.blackcoffer.com/incident-duration-prediction-infrastructure-and-real-estate/,4,2,0.33333327777778704,0.025531914784970574,21.363636363636363,0.4765957446808511,8.736092843326885,21.363636363636363,112,235,2.570212765957447,6,7.723404255319149
Netclan20241115,https://insights.blackcoffer.com/statistical-data-analysis-of-reinforced-concrete/,9,2,0.636363578512402,0.03666666654444445,18.75,0.47,7.688,18.75,141,300,2.61,6,7.86
Netclan20241116,https://insights.blackcoffer.com/database-normalization-segmentation-with-google-data-studio-dashboard-insights/,4,1,0.599999880000024,0.021276595654142146,13.823529411764707,0.4340425531914894,5.703028785982479,13.823529411764707,102,235,2.5914893617021275,10,7.472340425531915
Netclan20241117,https://insights.blackcoffer.com/power-bi-dashboard-to-drive-insights-from-complex-data-to-generate-business-insights/,7,3,0.39999996000000404,0.03690036886752632,15.055555555555555,0.4022140221402214,6.183107831078311,15.055555555555555,109,271,2.4280442804428044,10,7.232472324723247
Netclan20241118,https://insights.blackcoffer.com/real-time-dashboard-to-monitor-infrastructure-activity-and-machines/,4,2,0.33333327777778704,0.03243243225712199,26.428571428571427,0.4864864864864865,10.766023166023167,26.428571428571427,90,185,2.6486486486486487,4,7.8
Netclan20241119,https://insights.blackcoffer.com/electric-vehicles-ev-load-management-system-to-forecast-energy-demand/,6,3,0.33333329629630043,0.03308823517246973,19.428571428571427,0.44485294117647056,7.949369747899159,19.428571428571427,121,272,2.5404411764705883,9,7.419117647058823
Netclan20241120,https://insights.blackcoffer.com/power-bi-data-driven-map-dashboard/,4,1,0.599999880000024,0.03448275838287753,48.333333333333336,0.5310344827586206,19.545747126436783,48.333333333333336,77,145,2.7379310344827585,2,8.03448275862069
Netclan20241121,https://insights.blackcoffer.com/google-local-service-ads-lsa-leads-dashboard/,19,3,0.7272726942148775,0.05152224812289872,13.34375,0.3840749414519906,5.491129976580797,13.34375,164,427,2.379391100702576,5,7.121779859484778
Netclan20241122,https://insights.blackcoffer.com/aws-lex-voice-and-chatbot/,9,1,0.7999999200000081,0.034602076004837105,17.0,0.36678200692041524,6.946712802768167,17.0,106,289,2.3044982698961936,7,6.944636678200692
Netclan20241123,https://insights.blackcoffer.com/metabridges-api-decentraland-integration/,4,1,0.599999880000024,0.01689189183482469,16.444444444444443,0.3918918918918919,6.734534534534534,16.444444444444443,116,296,2.3885135135135136,2,7.118243243243243
Netclan20241124,https://insights.blackcoffer.com/microsoft-azure-chatbot-with-luis-language-understanding/,8,1,0.7777776913580343,0.04433497515105923,25.375,0.4876847290640394,10.345073891625617,25.375,99,203,2.6403940886699506,2,7.58128078817734
Netclan20241125,https://insights.blackcoffer.com/impact-of-news-media-and-press-on-innovation-startups-and-investments/,9,5,0.2857142653061239,0.05204460947195313,12.227272727272727,0.37174721189591076,5.039607975667455,12.227272727272727,100,269,2.4609665427509295,10,7.20817843866171
Netclan20241126,https://insights.blackcoffer.com/aws-quicksight-reporting-dashboard/,9,4,0.3846153550295881,0.045774647726145604,21.846153846153847,0.4084507042253521,8.90184182015168,21.846153846153847,116,284,2.436619718309859,7,7.21830985915493
Netclan20241127,https://insights.blackcoffer.com/google-data-studio-dashboard-for-marketing-ads-and-traction-data/,8,1,0.7777776913580343,0.024324324258582906,20.555555555555557,0.34864864864864864,8.361681681681683,20.555555555555557,129,370,2.345945945945946,10,7.183783783783784
Netclan20241128,https://insights.blackcoffer.com/gangala-in-e-commerce-big-data-etl-elt-solution-and-data-warehouse/,9,2,0.636363578512402,0.043478260697714384,18.071428571428573,0.41106719367588934,7.392998306041786,18.071428571428573,104,253,2.458498023715415,10,7.288537549407114
Netclan20241129,https://insights.blackcoffer.com/big-data-solution-to-an-online-multivendor-marketplace-ecommerce-business/,18,1,0.8947367950138528,0.06690140821513589,28.4,0.4084507042253521,11.523380281690141,28.4,116,284,2.4577464788732395,7,7.299295774647887
Netclan20241130,https://insights.blackcoffer.com/creating-a-custom-report-and-dashboard-using-the-data-got-from-atera-api/,4,1,0.599999880000024,0.02994011958119689,33.4,0.5269461077844312,13.570778443113774,33.4,88,167,2.748502994011976,4,8.029940119760479
Netclan20241131,https://insights.blackcoffer.com/azure-data-lake-and-power-bi-dashboard/,9,3,0.4999999583333368,0.0533333330962963,17.307692307692307,0.49333333333333335,7.120410256410256,17.307692307692307,111,225,2.7333333333333334,2,8.2
Netclan20241132,https://insights.blackcoffer.com/google-data-studio-pipeline-with-gcp-mysql/,4,1,0.599999880000024,0.024999999875,33.333333333333336,0.44,13.509333333333334,33.333333333333336,88,200,2.545,3,7.49
Netclan20241133,https://insights.blackcoffer.com/quickbooks-dashboard-to-find-patterns-in-finance-sales-and-forecasts/,11,1,0.8333332638888947,0.03921568614635397,23.53846153846154,0.4542483660130719,9.597083961789846,23.53846153846154,139,306,2.5359477124183005,4,7.666666666666667
Netclan20241134,https://insights.blackcoffer.com/marketing-sales-and-financial-data-business-dashboard-wink-report/,4,1,0.599999880000024,0.018867924457102173,15.588235294117647,0.4075471698113208,6.398312985571588,15.588235294117647,108,265,2.4679245283018867,5,7.467924528301887
Netclan20241135,https://insights.blackcoffer.com/react-native-apps-in-the-development-portfolio/,3,1,0.49999987500003124,0.02424242409550046,55.0,0.5515151515151515,22.220606060606062,55.0,91,165,3.096969696969697,3,9.381818181818181
Netclan20241136,https://insights.blackcoffer.com/a-leading-firm-website-seo-optimization/,5,1,0.6666665555555741,0.032085561325745665,23.375,0.5187165775401069,9.557486631016044,23.375,97,187,2.657754010695187,2,7.823529411764706
Netclan20241137,https://insights.blackcoffer.com/a-leading-hospitality-firm-in-the-usa-website-seo-optimization/,7,1,0.7499999062500118,0.04166666644965278,24.0,0.5104166666666666,9.804166666666667,24.0,98,192,2.625,2,7.78125
Netclan20241138,https://insights.blackcoffer.com/a-leading-firm-in-the-usa-website-seo-optimization/,5,3,0.24999996875000394,0.046511627636560304,43.0,0.5058139534883721,17.40232558139535,43.0,87,172,2.6744186046511627,2,7.906976744186046
Netclan20241139,https://insights.blackcoffer.com/a-leading-musical-instrumental-website-seo-optimization/,5,4,0.11111109876543349,0.05027932932804844,19.88888888888889,0.5083798882681564,8.158907510862818,19.88888888888889,91,179,2.653631284916201,2,7.743016759776537
Netclan20241140,https://insights.blackcoffer.com/a-leading-firm-in-the-usa-seo-and-website-optimization/,5,2,0.4285713673469475,0.04022988482626503,21.75,0.5172413793103449,8.906896551724138,21.75,90,174,2.6494252873563218,2,7.827586206896552
Netclan20241141,https://insights.blackcoffer.com/immigration-datawarehouse-ai-based-recommendations/,11,1,0.8333332638888947,0.045112781785290296,19.0,0.43609022556390975,7.774436090225564,19.0,116,266,2.511278195488722,9,7.503759398496241
Netclan20241142,https://insights.blackcoffer.com/lipsync-automation-for-celebrities-and-influencers/,4,1,0.599999880000024,0.023584905549127805,23.555555555555557,0.419811320754717,9.590146750524111,23.555555555555557,89,212,2.608490566037736,6,7.9245283018867925
Netclan20241143,https://insights.blackcoffer.com/key-audit-matters-predictive-modeling/,6,9,-0.19999998666666757,0.04373177829815808,21.4375,0.4139941690962099,8.740597667638484,21.4375,142,343,2.4723032069970845,5,7.276967930029154
Netclan20241144,https://insights.blackcoffer.com/splitting-of-songs-into-its-vocals-and-instrumental/,11,3,0.5714285306122479,0.06008583665199212,21.181818181818183,0.43776824034334766,8.647834568864614,21.181818181818183,102,233,2.532188841201717,3,7.643776824034335
Netclan20241145,https://insights.blackcoffer.com/ai-and-ml-technologies-to-evaluate-learning-assessments/,15,3,0.6666666296296316,0.05901639324912658,14.523809523809524,0.4262295081967213,5.980015612802498,14.523809523809524,130,305,2.560655737704918,14,7.665573770491803
Netclan20241146,https://insights.blackcoffer.com/datawarehouse-and-recommendations-engine-for-airbnb/,11,3,0.5714285306122479,0.053231938961095286,17.533333333333335,0.43346007604562736,7.186717363751585,17.533333333333335,114,263,2.517110266159696,9,7.520912547528517
Netclan20241147,https://insights.blackcoffer.com/real-estate-data-warehouse/,7,1,0.7499999062500118,0.028776978313751877,17.375,0.43884892086330934,7.125539568345324,17.375,122,278,2.4964028776978417,3,7.597122302158273
Netclan20241148,https://insights.blackcoffer.com/traction-dashboards-of-marketing-campaigns-and-posts/,6,2,0.4999999375000079,0.029197080185412116,18.266666666666666,0.41605839416058393,7.4730900243309,18.266666666666666,114,274,2.5328467153284673,10,7.675182481751825
Netclan20241149,https://insights.blackcoffer.com/google-local-service-ads-lsa-data-warehouse/,5,1,0.6666665555555741,0.02857142843537415,21.0,0.46190476190476193,8.584761904761905,21.0,97,210,2.538095238095238,2,7.495238095238095
Netclan20241150,https://insights.blackcoffer.com/google-local-service-ads-missed-calls-and-messages-automation-tool/,5,2,0.4285713673469475,0.03365384599204882,34.666666666666664,0.4326923076923077,14.039743589743589,34.666666666666664,90,208,2.5048076923076925,2,7.456730769230769
Netclan20241151,https://insights.blackcoffer.com/marketing-ads-leads-call-status-data-tool-to-bigquery/,6,1,0.7142856122449125,0.03465346517498285,22.444444444444443,0.47029702970297027,9.165896589658965,22.444444444444443,95,202,2.633663366336634,2,7.727722772277228
Netclan20241152,https://insights.blackcoffer.com/marketing-analytics-to-automate-leads-call-status-and-reporting/,6,1,0.7142856122449125,0.034825870473503134,25.125,0.4626865671641791,10.235074626865673,25.125,93,201,2.601990049751244,2,7.601990049751244
Netclan20241153,https://insights.blackcoffer.com/callrail-analytics-leads-report-alert/,5,1,0.6666665555555741,0.02941176456170704,20.4,0.45588235294117646,8.34235294117647,20.4,93,204,2.6127450980392157,2,7.696078431372549
Netclan20241154,https://insights.blackcoffer.com/marketing-automation-tool-to-notify-lead-details-to-clients-over-email-and-phone/,4,1,0.599999880000024,0.026178010334146542,31.833333333333332,0.4712041884816754,12.921815008726004,31.833333333333332,90,191,2.56020942408377,2,7.575916230366492
Netclan20241155,https://insights.blackcoffer.com/data-etl-local-service-ads-leads-to-bigquery/,5,1,0.6666665555555741,0.031249999837239584,27.428571428571427,0.4739583333333333,11.161011904761905,27.428571428571427,91,192,2.6197916666666665,2,7.661458333333333
Netclan20241156,https://insights.blackcoffer.com/marbles-stimulation-using-python/,5,2,0.4285713673469475,0.033980582359317564,15.846153846153847,0.46116504854368934,6.522927557879015,15.846153846153847,95,206,2.5728155339805827,4,7.480582524271845
Netclan20241157,https://insights.blackcoffer.com/stocktwits-data-structurization/,14,10,0.1666666597222225,0.038709677356919873,12.4,0.3209677419354839,5.088387096774194,12.4,199,620,2.282258064516129,8,7.117741935483871
Netclan20241158,https://insights.blackcoffer.com/sentimental-analysis-on-shareholder-letter-of-companies/,12,6,0.3333333148148158,0.04675324663180975,16.73913043478261,0.4987012987012987,6.895132693393563,16.73913043478261,192,385,2.618181818181818,7,7.64935064935065
Netclan20241159,https://insights.blackcoffer.com/population-and-community-survey-of-america/,15,10,0.19999999200000032,0.04166666659722222,18.181818181818183,0.4083333333333333,7.436060606060607,18.181818181818183,245,600,2.4,5,7.1433333333333335
Netclan20241160,https://insights.blackcoffer.com/google-lsa-api-data-automation-and-dashboarding/,22,18,0.09999999750000006,0.045662100404495316,13.272727272727273,0.3344748858447489,5.442880863428809,13.272727272727273,293,876,2.353881278538813,9,7.1118721461187215
Netclan20241161,https://insights.blackcoffer.com/healthcare-data-analysis/,8,7,0.06666666222222252,0.0663716811222492,17.384615384615383,0.4424778761061947,7.130837304288632,17.384615384615383,100,226,2.5486725663716814,13,7.6415929203539825
Netclan20241162,https://insights.blackcoffer.com/budget-sales-kpi-dashboard-using-power-bi/,3,1,0.49999987500003124,0.02857142836734694,46.666666666666664,0.5642857142857143,18.892380952380954,46.666666666666664,79,140,2.8857142857142857,2,8.4
Netclan20241163,https://insights.blackcoffer.com/amazon-buy-bot-an-automation-ai-tool-to-auto-checkouts/,5,1,0.6666665555555741,0.03225806434269858,20.666666666666668,0.478494623655914,8.458064516129033,20.666666666666668,89,186,2.5806451612903225,3,7.650537634408602
